MapName,MapLayout,SQL,projLineLayer,DataLayer
CoverPage,Layout_CoverPage,OBJECTID>0,Project_Line_Template,
BikeRoutes,Layout_BikeRoutes,OBJECTID>0,Project_Line_Template,BikeRte_C1_C2_C4_2017
TransitSvc,Layout_TransitSvc,OBJECTID>0,Project_Line_Template,
TruckRtes,Layout_TruckRtes,OBJECTID>0,Project_Line_Template,STAATruckRoutes
CollisionHeat,Layout_CollisionHeat,OBJECTID>0,Project_Line_Template,
JobAccDrive,Layout_JobAccDrive,OBJECTID>0,Project_Line_Template,
EduAccDrive,Layout_EduAccDrive,OBJECTID>0,Project_Line_Template,
